id,firstname,lastname,email,email2,profession,Field Name
40100,Loree,Amadas,Loree.Amadas@yopmail.com,Loree.Amadas@gmail.com,worker,40001
40101,Carol-Jean,Leonard,Carol-Jean.Leonard@yopmail.com,Carol-Jean.Leonard@gmail.com,firefighter,40002
40102,Carmela,Jary,Carmela.Jary@yopmail.com,Carmela.Jary@gmail.com,doctor,40003
40103,Camile,Gordon,Camile.Gordon@yopmail.com,Camile.Gordon@gmail.com,doctor,40004
40104,Lisette,Sikorski,Lisette.Sikorski@yopmail.com,Lisette.Sikorski@gmail.com,doctor,40005
40105,Cassondra,Drisko,Cassondra.Drisko@yopmail.com,Cassondra.Drisko@gmail.com,firefighter,40006
40106,Rhoda,Gower,Rhoda.Gower@yopmail.com,Rhoda.Gower@gmail.com,worker,40007
40107,Tamqrah,Lia,Tamqrah.Lia@yopmail.com,Tamqrah.Lia@gmail.com,police officer,40008
40108,Karina,Lemuela,Karina.Lemuela@yopmail.com,Karina.Lemuela@gmail.com,firefighter,40009
40109,Edyth,Brandice,Edyth.Brandice@yopmail.com,Edyth.Brandice@gmail.com,firefighter,40010
40110,Nikki,Septima,Nikki.Septima@yopmail.com,Nikki.Septima@gmail.com,police officer,40011
40111,Teriann,Eckblad,Teriann.Eckblad@yopmail.com,Teriann.Eckblad@gmail.com,police officer,40012
40112,Bill,Joseph,Bill.Joseph@yopmail.com,Bill.Joseph@gmail.com,firefighter,40013
40113,Silvana,Teryn,Silvana.Teryn@yopmail.com,Silvana.Teryn@gmail.com,worker,40014
40114,Farrah,Scammon,Farrah.Scammon@yopmail.com,Farrah.Scammon@gmail.com,developer,40015
40115,Roxane,Alisia,Roxane.Alisia@yopmail.com,Roxane.Alisia@gmail.com,police officer,40016
40116,Valli,Linskey,Valli.Linskey@yopmail.com,Valli.Linskey@gmail.com,developer,40017
40117,Kaia,Havens,Kaia.Havens@yopmail.com,Kaia.Havens@gmail.com,worker,40018
40118,Xylina,Carolin,Xylina.Carolin@yopmail.com,Xylina.Carolin@gmail.com,police officer,40019
40119,Janeczka,Brieta,Janeczka.Brieta@yopmail.com,Janeczka.Brieta@gmail.com,firefighter,40020
40120,Aimil,Evangelia,Aimil.Evangelia@yopmail.com,Aimil.Evangelia@gmail.com,police officer,40021
40121,Madeleine,Dituri,Madeleine.Dituri@yopmail.com,Madeleine.Dituri@gmail.com,police officer,40022
40122,Liana,Ade,Liana.Ade@yopmail.com,Liana.Ade@gmail.com,police officer,40023
40123,Elvira,Colleen,Elvira.Colleen@yopmail.com,Elvira.Colleen@gmail.com,developer,40024
40124,Ninnetta,Carlson,Ninnetta.Carlson@yopmail.com,Ninnetta.Carlson@gmail.com,police officer,40025
40125,Wilma,Constancy,Wilma.Constancy@yopmail.com,Wilma.Constancy@gmail.com,developer,40026
40126,Peri,Stilwell,Peri.Stilwell@yopmail.com,Peri.Stilwell@gmail.com,doctor,40027
40127,Layla,Croix,Layla.Croix@yopmail.com,Layla.Croix@gmail.com,developer,40028
40128,Marti,Thar,Marti.Thar@yopmail.com,Marti.Thar@gmail.com,police officer,40029
40129,Johna,Hermes,Johna.Hermes@yopmail.com,Johna.Hermes@gmail.com,firefighter,40030
40130,Cissiee,Blisse,Cissiee.Blisse@yopmail.com,Cissiee.Blisse@gmail.com,worker,40031
40131,Almeta,Celestine,Almeta.Celestine@yopmail.com,Almeta.Celestine@gmail.com,firefighter,40032
40132,Emylee,Aprile,Emylee.Aprile@yopmail.com,Emylee.Aprile@gmail.com,developer,40033
40133,Violet,Olnee,Violet.Olnee@yopmail.com,Violet.Olnee@gmail.com,doctor,40034
40134,Berget,Oster,Berget.Oster@yopmail.com,Berget.Oster@gmail.com,police officer,40035
40135,Barbara,Garrison,Barbara.Garrison@yopmail.com,Barbara.Garrison@gmail.com,developer,40036
40136,Lorenza,Eliathas,Lorenza.Eliathas@yopmail.com,Lorenza.Eliathas@gmail.com,doctor,40037
40137,Aaren,Stilwell,Aaren.Stilwell@yopmail.com,Aaren.Stilwell@gmail.com,police officer,40038
40138,Elie,Demitria,Elie.Demitria@yopmail.com,Elie.Demitria@gmail.com,worker,40039
40139,Anica,Naashom,Anica.Naashom@yopmail.com,Anica.Naashom@gmail.com,developer,40040
40140,Lila,Holbrook,Lila.Holbrook@yopmail.com,Lila.Holbrook@gmail.com,developer,40041
40141,Ardys,Maryanne,Ardys.Maryanne@yopmail.com,Ardys.Maryanne@gmail.com,developer,40042
40142,Debee,Faust,Debee.Faust@yopmail.com,Debee.Faust@gmail.com,doctor,40043
40143,Kalina,Stefa,Kalina.Stefa@yopmail.com,Kalina.Stefa@gmail.com,firefighter,40044
40144,Ileana,Ahab,Ileana.Ahab@yopmail.com,Ileana.Ahab@gmail.com,doctor,40045
40145,Ofilia,Buttaro,Ofilia.Buttaro@yopmail.com,Ofilia.Buttaro@gmail.com,developer,40046
40146,Hildegaard,Aaberg,Hildegaard.Aaberg@yopmail.com,Hildegaard.Aaberg@gmail.com,worker,40047
40147,Johna,Ilka,Johna.Ilka@yopmail.com,Johna.Ilka@gmail.com,doctor,40048
40148,Joceline,Allina,Joceline.Allina@yopmail.com,Joceline.Allina@gmail.com,developer,40049
40149,Nikki,Posner,Nikki.Posner@yopmail.com,Nikki.Posner@gmail.com,firefighter,40050
40150,Jacquetta,Leonard,Jacquetta.Leonard@yopmail.com,Jacquetta.Leonard@gmail.com,police officer,40051
40151,Meghann,Giule,Meghann.Giule@yopmail.com,Meghann.Giule@gmail.com,firefighter,40052
40152,Elmira,Dawkins,Elmira.Dawkins@yopmail.com,Elmira.Dawkins@gmail.com,firefighter,40053
40153,Blinni,Raama,Blinni.Raama@yopmail.com,Blinni.Raama@gmail.com,firefighter,40054
40154,Karena,Monaco,Karena.Monaco@yopmail.com,Karena.Monaco@gmail.com,worker,40055
40155,Margarette,Prouty,Margarette.Prouty@yopmail.com,Margarette.Prouty@gmail.com,worker,40056
40156,Kimmy,Screens,Kimmy.Screens@yopmail.com,Kimmy.Screens@gmail.com,firefighter,40057
40157,Netty,Winthorpe,Netty.Winthorpe@yopmail.com,Netty.Winthorpe@gmail.com,developer,40058
40158,Glenda,Payson,Glenda.Payson@yopmail.com,Glenda.Payson@gmail.com,developer,40059
40159,Heddie,Calhoun,Heddie.Calhoun@yopmail.com,Heddie.Calhoun@gmail.com,worker,40060
40160,Carree,Travax,Carree.Travax@yopmail.com,Carree.Travax@gmail.com,developer,40061
40161,Wendi,Hurley,Wendi.Hurley@yopmail.com,Wendi.Hurley@gmail.com,firefighter,40062
40162,Cecile,Seumas,Cecile.Seumas@yopmail.com,Cecile.Seumas@gmail.com,developer,40063
40163,Mureil,Arvo,Mureil.Arvo@yopmail.com,Mureil.Arvo@gmail.com,developer,40064
40164,Eadie,Jaylene,Eadie.Jaylene@yopmail.com,Eadie.Jaylene@gmail.com,doctor,40065
40165,Meg,Love,Meg.Love@yopmail.com,Meg.Love@gmail.com,firefighter,40066
40166,Alleen,Brodench,Alleen.Brodench@yopmail.com,Alleen.Brodench@gmail.com,developer,40067
40167,Corina,Gavrila,Corina.Gavrila@yopmail.com,Corina.Gavrila@gmail.com,firefighter,40068
40168,Noelle,Horan,Noelle.Horan@yopmail.com,Noelle.Horan@gmail.com,firefighter,40069
40169,Doralynne,Hubert,Doralynne.Hubert@yopmail.com,Doralynne.Hubert@gmail.com,developer,40070
40170,Meg,Naor,Meg.Naor@yopmail.com,Meg.Naor@gmail.com,firefighter,40071
40171,Binny,O'Neill,Binny.O'Neill@yopmail.com,Binny.O'Neill@gmail.com,firefighter,40072
40172,Lynde,Gabrielli,Lynde.Gabrielli@yopmail.com,Lynde.Gabrielli@gmail.com,doctor,40073
40173,Beth,Annice,Beth.Annice@yopmail.com,Beth.Annice@gmail.com,worker,40074
40174,Ashlee,Carleen,Ashlee.Carleen@yopmail.com,Ashlee.Carleen@gmail.com,worker,40075
40175,Winifred,Cherianne,Winifred.Cherianne@yopmail.com,Winifred.Cherianne@gmail.com,worker,40076
40176,Pierette,Gordon,Pierette.Gordon@yopmail.com,Pierette.Gordon@gmail.com,police officer,40077
40177,Tatiania,Kellby,Tatiania.Kellby@yopmail.com,Tatiania.Kellby@gmail.com,firefighter,40078
40178,Christy,Robertson,Christy.Robertson@yopmail.com,Christy.Robertson@gmail.com,doctor,40079
40179,Allyce,Genna,Allyce.Genna@yopmail.com,Allyce.Genna@gmail.com,doctor,40080
40180,Ana,Saunderson,Ana.Saunderson@yopmail.com,Ana.Saunderson@gmail.com,police officer,40081
40181,Jacenta,Velick,Jacenta.Velick@yopmail.com,Jacenta.Velick@gmail.com,developer,40082
40182,Hallie,Neva,Hallie.Neva@yopmail.com,Hallie.Neva@gmail.com,doctor,40083
40183,Ann-Marie,Sabella,Ann-Marie.Sabella@yopmail.com,Ann-Marie.Sabella@gmail.com,firefighter,40084
40184,Oona,Elo,Oona.Elo@yopmail.com,Oona.Elo@gmail.com,developer,40085
40185,Blinni,Hartnett,Blinni.Hartnett@yopmail.com,Blinni.Hartnett@gmail.com,developer,40086
40186,Sallie,Flita,Sallie.Flita@yopmail.com,Sallie.Flita@gmail.com,firefighter,40087
40187,Talya,Campball,Talya.Campball@yopmail.com,Talya.Campball@gmail.com,doctor,40088
40188,Aryn,Arvo,Aryn.Arvo@yopmail.com,Aryn.Arvo@gmail.com,police officer,40089
40189,Darci,Giff,Darci.Giff@yopmail.com,Darci.Giff@gmail.com,developer,40090
40190,Emilia,Bonilla,Emilia.Bonilla@yopmail.com,Emilia.Bonilla@gmail.com,developer,40091
40191,Marjie,Faso,Marjie.Faso@yopmail.com,Marjie.Faso@gmail.com,firefighter,40092
40192,Philis,Hurley,Philis.Hurley@yopmail.com,Philis.Hurley@gmail.com,police officer,40093
40193,Dania,Janith,Dania.Janith@yopmail.com,Dania.Janith@gmail.com,firefighter,40094
40194,Aubrie,Pip,Aubrie.Pip@yopmail.com,Aubrie.Pip@gmail.com,developer,40095
40195,Lanae,Kaja,Lanae.Kaja@yopmail.com,Lanae.Kaja@gmail.com,developer,40096
40196,Frances,Sekofski,Frances.Sekofski@yopmail.com,Frances.Sekofski@gmail.com,worker,40097
40197,Daune,Gillan,Daune.Gillan@yopmail.com,Daune.Gillan@gmail.com,doctor,40098
40198,Marita,Francene,Marita.Francene@yopmail.com,Marita.Francene@gmail.com,developer,40099
40199,Ayn,O'Carroll,Ayn.O'Carroll@yopmail.com,Ayn.O'Carroll@gmail.com,developer,40100
40200,Raquela,Raama,Raquela.Raama@yopmail.com,Raquela.Raama@gmail.com,doctor,40101
40201,Lila,Klotz,Lila.Klotz@yopmail.com,Lila.Klotz@gmail.com,worker,40102
40202,Steffane,Amadas,Steffane.Amadas@yopmail.com,Steffane.Amadas@gmail.com,police officer,40103
40203,Corina,Anis,Corina.Anis@yopmail.com,Corina.Anis@gmail.com,police officer,40104
40204,Lucille,Capello,Lucille.Capello@yopmail.com,Lucille.Capello@gmail.com,developer,40105
40205,Tobe,Carmena,Tobe.Carmena@yopmail.com,Tobe.Carmena@gmail.com,worker,40106
40206,Verla,Natalia,Verla.Natalia@yopmail.com,Verla.Natalia@gmail.com,developer,40107
40207,Vanessa,Seumas,Vanessa.Seumas@yopmail.com,Vanessa.Seumas@gmail.com,firefighter,40108
40208,Averyl,Hurley,Averyl.Hurley@yopmail.com,Averyl.Hurley@gmail.com,worker,40109
40209,Kate,Hazlett,Kate.Hazlett@yopmail.com,Kate.Hazlett@gmail.com,police officer,40110
40210,Amii,Ardra,Amii.Ardra@yopmail.com,Amii.Ardra@gmail.com,developer,40111
40211,Nickie,Rugen,Nickie.Rugen@yopmail.com,Nickie.Rugen@gmail.com,doctor,40112
40212,Almeta,Rillings,Almeta.Rillings@yopmail.com,Almeta.Rillings@gmail.com,worker,40113
40213,Arlina,Brunell,Arlina.Brunell@yopmail.com,Arlina.Brunell@gmail.com,police officer,40114
40214,Ada,Pearse,Ada.Pearse@yopmail.com,Ada.Pearse@gmail.com,doctor,40115
40215,Riannon,Kirstin,Riannon.Kirstin@yopmail.com,Riannon.Kirstin@gmail.com,police officer,40116
40216,Neila,Nelsen,Neila.Nelsen@yopmail.com,Neila.Nelsen@gmail.com,doctor,40117
40217,Damaris,Gillan,Damaris.Gillan@yopmail.com,Damaris.Gillan@gmail.com,developer,40118
40218,Ofilia,Suzetta,Ofilia.Suzetta@yopmail.com,Ofilia.Suzetta@gmail.com,police officer,40119
40219,Randa,Vorster,Randa.Vorster@yopmail.com,Randa.Vorster@gmail.com,firefighter,40120
40220,Emelina,Brenn,Emelina.Brenn@yopmail.com,Emelina.Brenn@gmail.com,developer,40121
40221,Deane,Edee,Deane.Edee@yopmail.com,Deane.Edee@gmail.com,firefighter,40122
40222,Nataline,Aurelio,Nataline.Aurelio@yopmail.com,Nataline.Aurelio@gmail.com,doctor,40123
40223,Berta,Carvey,Berta.Carvey@yopmail.com,Berta.Carvey@gmail.com,worker,40124
40224,Gwenneth,Dorothy,Gwenneth.Dorothy@yopmail.com,Gwenneth.Dorothy@gmail.com,worker,40125
40225,Catharine,Even,Catharine.Even@yopmail.com,Catharine.Even@gmail.com,firefighter,40126
40226,Grier,Rhu,Grier.Rhu@yopmail.com,Grier.Rhu@gmail.com,doctor,40127
40227,Jillayne,Sabella,Jillayne.Sabella@yopmail.com,Jillayne.Sabella@gmail.com,developer,40128
40228,Tori,Damarra,Tori.Damarra@yopmail.com,Tori.Damarra@gmail.com,worker,40129
40229,Clarice,Hashim,Clarice.Hashim@yopmail.com,Clarice.Hashim@gmail.com,worker,40130
40230,Sallie,Stephie,Sallie.Stephie@yopmail.com,Sallie.Stephie@gmail.com,firefighter,40131
40231,Emmey,Braun,Emmey.Braun@yopmail.com,Emmey.Braun@gmail.com,doctor,40132
40232,Miquela,Pattin,Miquela.Pattin@yopmail.com,Miquela.Pattin@gmail.com,firefighter,40133
40233,Paola,Jefferey,Paola.Jefferey@yopmail.com,Paola.Jefferey@gmail.com,worker,40134
40234,Olwen,Kathie,Olwen.Kathie@yopmail.com,Olwen.Kathie@gmail.com,doctor,40135
40235,Aimil,Sherfield,Aimil.Sherfield@yopmail.com,Aimil.Sherfield@gmail.com,firefighter,40136
40236,Priscilla,Wallis,Priscilla.Wallis@yopmail.com,Priscilla.Wallis@gmail.com,developer,40137
40237,Gaylene,Jena,Gaylene.Jena@yopmail.com,Gaylene.Jena@gmail.com,worker,40138
40238,Eolanda,Vivle,Eolanda.Vivle@yopmail.com,Eolanda.Vivle@gmail.com,firefighter,40139
40239,Judy,Colbert,Judy.Colbert@yopmail.com,Judy.Colbert@gmail.com,firefighter,40140
40240,Phylis,Milde,Phylis.Milde@yopmail.com,Phylis.Milde@gmail.com,developer,40141
40241,Carree,Wallis,Carree.Wallis@yopmail.com,Carree.Wallis@gmail.com,firefighter,40142
40242,Ardenia,Zina,Ardenia.Zina@yopmail.com,Ardenia.Zina@gmail.com,police officer,40143
40243,Nadine,Raimondo,Nadine.Raimondo@yopmail.com,Nadine.Raimondo@gmail.com,doctor,40144
40244,Marsiella,Jerold,Marsiella.Jerold@yopmail.com,Marsiella.Jerold@gmail.com,worker,40145
40245,Pearline,Mendez,Pearline.Mendez@yopmail.com,Pearline.Mendez@gmail.com,worker,40146
40246,Mary,Izaak,Mary.Izaak@yopmail.com,Mary.Izaak@gmail.com,police officer,40147
40247,Rhea,Rona,Rhea.Rona@yopmail.com,Rhea.Rona@gmail.com,doctor,40148
40248,Livvyy,Lia,Livvyy.Lia@yopmail.com,Livvyy.Lia@gmail.com,firefighter,40149
40249,Eve,Talia,Eve.Talia@yopmail.com,Eve.Talia@gmail.com,worker,40150
40250,Yolane,Destinee,Yolane.Destinee@yopmail.com,Yolane.Destinee@gmail.com,developer,40151
40251,Tobe,Jaylene,Tobe.Jaylene@yopmail.com,Tobe.Jaylene@gmail.com,developer,40152
40252,Glenda,Michella,Glenda.Michella@yopmail.com,Glenda.Michella@gmail.com,police officer,40153
40253,Lindie,Ade,Lindie.Ade@yopmail.com,Lindie.Ade@gmail.com,worker,40154
40254,Aeriela,Campball,Aeriela.Campball@yopmail.com,Aeriela.Campball@gmail.com,doctor,40155
40255,Kamilah,Silvan,Kamilah.Silvan@yopmail.com,Kamilah.Silvan@gmail.com,firefighter,40156
40256,Jinny,Crudden,Jinny.Crudden@yopmail.com,Jinny.Crudden@gmail.com,doctor,40157
40257,Dacia,Jotham,Dacia.Jotham@yopmail.com,Dacia.Jotham@gmail.com,police officer,40158
40258,Tobe,Daniele,Tobe.Daniele@yopmail.com,Tobe.Daniele@gmail.com,developer,40159
40259,Babita,Brunell,Babita.Brunell@yopmail.com,Babita.Brunell@gmail.com,police officer,40160
40260,Jenilee,Pulsifer,Jenilee.Pulsifer@yopmail.com,Jenilee.Pulsifer@gmail.com,firefighter,40161
40261,Nonnah,Destinee,Nonnah.Destinee@yopmail.com,Nonnah.Destinee@gmail.com,worker,40162
40262,Ermengarde,Candy,Ermengarde.Candy@yopmail.com,Ermengarde.Candy@gmail.com,firefighter,40163
40263,Trixi,Arquit,Trixi.Arquit@yopmail.com,Trixi.Arquit@gmail.com,developer,40164
40264,Minne,Dominy,Minne.Dominy@yopmail.com,Minne.Dominy@gmail.com,worker,40165
40265,Max,Bandeen,Max.Bandeen@yopmail.com,Max.Bandeen@gmail.com,worker,40166
40266,Natka,Lewes,Natka.Lewes@yopmail.com,Natka.Lewes@gmail.com,police officer,40167
40267,Angelique,Sinegold,Angelique.Sinegold@yopmail.com,Angelique.Sinegold@gmail.com,worker,40168
40268,Candy,Shanley,Candy.Shanley@yopmail.com,Candy.Shanley@gmail.com,developer,40169
40269,Frances,Willie,Frances.Willie@yopmail.com,Frances.Willie@gmail.com,developer,40170
40270,Noelle,Laurianne,Noelle.Laurianne@yopmail.com,Noelle.Laurianne@gmail.com,developer,40171
40271,Adelle,Amethist,Adelle.Amethist@yopmail.com,Adelle.Amethist@gmail.com,police officer,40172
40272,Carmencita,Hilbert,Carmencita.Hilbert@yopmail.com,Carmencita.Hilbert@gmail.com,worker,40173
40273,Rani,Cimbura,Rani.Cimbura@yopmail.com,Rani.Cimbura@gmail.com,doctor,40174
40274,Melodie,Tufts,Melodie.Tufts@yopmail.com,Melodie.Tufts@gmail.com,developer,40175
40275,Libbie,Dosia,Libbie.Dosia@yopmail.com,Libbie.Dosia@gmail.com,police officer,40176
40276,Dianemarie,Weide,Dianemarie.Weide@yopmail.com,Dianemarie.Weide@gmail.com,doctor,40177
40277,Feliza,Heidt,Feliza.Heidt@yopmail.com,Feliza.Heidt@gmail.com,police officer,40178
40278,Emma,Noman,Emma.Noman@yopmail.com,Emma.Noman@gmail.com,developer,40179
40279,Hayley,Kenwood,Hayley.Kenwood@yopmail.com,Hayley.Kenwood@gmail.com,worker,40180
40280,Gilligan,Felecia,Gilligan.Felecia@yopmail.com,Gilligan.Felecia@gmail.com,doctor,40181
40281,Almeta,McLaughlin,Almeta.McLaughlin@yopmail.com,Almeta.McLaughlin@gmail.com,firefighter,40182
40282,Janeczka,Ophelia,Janeczka.Ophelia@yopmail.com,Janeczka.Ophelia@gmail.com,worker,40183
40283,Anestassia,Miru,Anestassia.Miru@yopmail.com,Anestassia.Miru@gmail.com,developer,40184
40284,Sharlene,Gino,Sharlene.Gino@yopmail.com,Sharlene.Gino@gmail.com,police officer,40185
40285,Bettine,Janene,Bettine.Janene@yopmail.com,Bettine.Janene@gmail.com,developer,40186
40286,Helsa,Gordon,Helsa.Gordon@yopmail.com,Helsa.Gordon@gmail.com,doctor,40187
40287,Gloria,Rad,Gloria.Rad@yopmail.com,Gloria.Rad@gmail.com,developer,40188
40288,Gerrie,Douglass,Gerrie.Douglass@yopmail.com,Gerrie.Douglass@gmail.com,doctor,40189
40289,Ellette,Orlene,Ellette.Orlene@yopmail.com,Ellette.Orlene@gmail.com,firefighter,40190
40290,Jan,Dichy,Jan.Dichy@yopmail.com,Jan.Dichy@gmail.com,police officer,40191
40291,Averyl,Joni,Averyl.Joni@yopmail.com,Averyl.Joni@gmail.com,police officer,40192
40292,Eolanda,Mott,Eolanda.Mott@yopmail.com,Eolanda.Mott@gmail.com,police officer,40193
40293,Therine,Rebecka,Therine.Rebecka@yopmail.com,Therine.Rebecka@gmail.com,police officer,40194
40294,Lonnie,Rosalba,Lonnie.Rosalba@yopmail.com,Lonnie.Rosalba@gmail.com,worker,40195
40295,Anthia,Atcliffe,Anthia.Atcliffe@yopmail.com,Anthia.Atcliffe@gmail.com,worker,40196
40296,Neila,Latini,Neila.Latini@yopmail.com,Neila.Latini@gmail.com,firefighter,40197
40297,Lynea,Mozelle,Lynea.Mozelle@yopmail.com,Lynea.Mozelle@gmail.com,doctor,40198
40298,Maridel,Lilybelle,Maridel.Lilybelle@yopmail.com,Maridel.Lilybelle@gmail.com,police officer,40199
40299,Lita,Ardra,Lita.Ardra@yopmail.com,Lita.Ardra@gmail.com,firefighter,40200
40300,Linzy,Jacinda,Linzy.Jacinda@yopmail.com,Linzy.Jacinda@gmail.com,doctor,40201
40301,Cristine,Yorick,Cristine.Yorick@yopmail.com,Cristine.Yorick@gmail.com,worker,40202
40302,Averyl,Jillane,Averyl.Jillane@yopmail.com,Averyl.Jillane@gmail.com,worker,40203
40303,Sara-Ann,Belanger,Sara-Ann.Belanger@yopmail.com,Sara-Ann.Belanger@gmail.com,firefighter,40204
40304,Brynna,Lia,Brynna.Lia@yopmail.com,Brynna.Lia@gmail.com,worker,40205
40305,Lexine,Bergman,Lexine.Bergman@yopmail.com,Lexine.Bergman@gmail.com,police officer,40206
40306,Regina,Tjon,Regina.Tjon@yopmail.com,Regina.Tjon@gmail.com,police officer,40207
40307,Bee,Soneson,Bee.Soneson@yopmail.com,Bee.Soneson@gmail.com,developer,40208
40308,Annabela,Naor,Annabela.Naor@yopmail.com,Annabela.Naor@gmail.com,firefighter,40209
40309,Cassandra,Faust,Cassandra.Faust@yopmail.com,Cassandra.Faust@gmail.com,doctor,40210
40310,Gabriellia,Larochelle,Gabriellia.Larochelle@yopmail.com,Gabriellia.Larochelle@gmail.com,police officer,40211
40311,Claudina,Vacuva,Claudina.Vacuva@yopmail.com,Claudina.Vacuva@gmail.com,worker,40212
40312,Leia,Wind,Leia.Wind@yopmail.com,Leia.Wind@gmail.com,firefighter,40213
40313,Selia,Ackerley,Selia.Ackerley@yopmail.com,Selia.Ackerley@gmail.com,worker,40214
40314,Natka,Yoko,Natka.Yoko@yopmail.com,Natka.Yoko@gmail.com,developer,40215
40315,Oona,Loeb,Oona.Loeb@yopmail.com,Oona.Loeb@gmail.com,worker,40216
40316,Marcelline,Magnolia,Marcelline.Magnolia@yopmail.com,Marcelline.Magnolia@gmail.com,developer,40217
40317,Jaclyn,Anderea,Jaclyn.Anderea@yopmail.com,Jaclyn.Anderea@gmail.com,developer,40218
40318,Ardeen,Waldron,Ardeen.Waldron@yopmail.com,Ardeen.Waldron@gmail.com,firefighter,40219
40319,Sashenka,August,Sashenka.August@yopmail.com,Sashenka.August@gmail.com,police officer,40220
40320,Orsola,Koehler,Orsola.Koehler@yopmail.com,Orsola.Koehler@gmail.com,firefighter,40221
40321,Elsie,Raama,Elsie.Raama@yopmail.com,Elsie.Raama@gmail.com,worker,40222
40322,Morganica,Pattin,Morganica.Pattin@yopmail.com,Morganica.Pattin@gmail.com,doctor,40223
40323,Clary,Casimir,Clary.Casimir@yopmail.com,Clary.Casimir@gmail.com,worker,40224
40324,Dacia,Rudolph,Dacia.Rudolph@yopmail.com,Dacia.Rudolph@gmail.com,developer,40225
40325,Gabi,McCutcheon,Gabi.McCutcheon@yopmail.com,Gabi.McCutcheon@gmail.com,doctor,40226
40326,Jessamyn,Alcott,Jessamyn.Alcott@yopmail.com,Jessamyn.Alcott@gmail.com,police officer,40227
40327,Cristabel,Harned,Cristabel.Harned@yopmail.com,Cristabel.Harned@gmail.com,doctor,40228
40328,Joane,Revkah,Joane.Revkah@yopmail.com,Joane.Revkah@gmail.com,developer,40229
40329,Ebonee,Kirstin,Ebonee.Kirstin@yopmail.com,Ebonee.Kirstin@gmail.com,worker,40230
40330,Emmey,Wilona,Emmey.Wilona@yopmail.com,Emmey.Wilona@gmail.com,police officer,40231
40331,Meriel,Berard,Meriel.Berard@yopmail.com,Meriel.Berard@gmail.com,doctor,40232
40332,Frances,Garek,Frances.Garek@yopmail.com,Frances.Garek@gmail.com,doctor,40233
40333,Bernie,Eliathas,Bernie.Eliathas@yopmail.com,Bernie.Eliathas@gmail.com,worker,40234
40334,Drucie,Palocz,Drucie.Palocz@yopmail.com,Drucie.Palocz@gmail.com,police officer,40235
40335,Britni,Teddman,Britni.Teddman@yopmail.com,Britni.Teddman@gmail.com,worker,40236
40336,Wilma,Lutero,Wilma.Lutero@yopmail.com,Wilma.Lutero@gmail.com,police officer,40237
40337,Anica,Merell,Anica.Merell@yopmail.com,Anica.Merell@gmail.com,police officer,40238
40338,Corene,Baylor,Corene.Baylor@yopmail.com,Corene.Baylor@gmail.com,police officer,40239
40339,Lorne,Zamora,Lorne.Zamora@yopmail.com,Lorne.Zamora@gmail.com,police officer,40240
40340,Elfreda,Boehike,Elfreda.Boehike@yopmail.com,Elfreda.Boehike@gmail.com,firefighter,40241
40341,Carmencita,Primalia,Carmencita.Primalia@yopmail.com,Carmencita.Primalia@gmail.com,doctor,40242
40342,Frank,Adore,Frank.Adore@yopmail.com,Frank.Adore@gmail.com,firefighter,40243
40343,Vivia,Graig,Vivia.Graig@yopmail.com,Vivia.Graig@gmail.com,developer,40244
40344,Sherrie,Rubie,Sherrie.Rubie@yopmail.com,Sherrie.Rubie@gmail.com,doctor,40245
40345,Janeczka,Sundin,Janeczka.Sundin@yopmail.com,Janeczka.Sundin@gmail.com,police officer,40246
40346,Jemie,Olympium,Jemie.Olympium@yopmail.com,Jemie.Olympium@gmail.com,developer,40247
40347,Clementine,Tippets,Clementine.Tippets@yopmail.com,Clementine.Tippets@gmail.com,doctor,40248
40348,Hildegaard,Mehalek,Hildegaard.Mehalek@yopmail.com,Hildegaard.Mehalek@gmail.com,developer,40249
40349,Asia,Bevin,Asia.Bevin@yopmail.com,Asia.Bevin@gmail.com,developer,40250
40350,Bibby,Isidore,Bibby.Isidore@yopmail.com,Bibby.Isidore@gmail.com,worker,40251
40351,Mara,Alwin,Mara.Alwin@yopmail.com,Mara.Alwin@gmail.com,worker,40252
40352,Jaime,Korey,Jaime.Korey@yopmail.com,Jaime.Korey@gmail.com,worker,40253
40353,Allyce,Ioab,Allyce.Ioab@yopmail.com,Allyce.Ioab@gmail.com,doctor,40254
40354,Karena,Khorma,Karena.Khorma@yopmail.com,Karena.Khorma@gmail.com,developer,40255
40355,Ursulina,Diogenes,Ursulina.Diogenes@yopmail.com,Ursulina.Diogenes@gmail.com,developer,40256
40356,Myriam,Olin,Myriam.Olin@yopmail.com,Myriam.Olin@gmail.com,firefighter,40257
40357,Bee,Kazimir,Bee.Kazimir@yopmail.com,Bee.Kazimir@gmail.com,worker,40258
40358,Dyann,Chick,Dyann.Chick@yopmail.com,Dyann.Chick@gmail.com,police officer,40259
40359,Ariela,Marsden,Ariela.Marsden@yopmail.com,Ariela.Marsden@gmail.com,police officer,40260
40360,Coral,Cohdwell,Coral.Cohdwell@yopmail.com,Coral.Cohdwell@gmail.com,doctor,40261
40361,Rebeca,Amethist,Rebeca.Amethist@yopmail.com,Rebeca.Amethist@gmail.com,police officer,40262
40362,Britte,Torray,Britte.Torray@yopmail.com,Britte.Torray@gmail.com,worker,40263
40363,Gianina,Orlene,Gianina.Orlene@yopmail.com,Gianina.Orlene@gmail.com,doctor,40264
40364,Stephanie,Thomasina,Stephanie.Thomasina@yopmail.com,Stephanie.Thomasina@gmail.com,doctor,40265
40365,Heida,Kesley,Heida.Kesley@yopmail.com,Heida.Kesley@gmail.com,worker,40266
40366,Candi,Sacken,Candi.Sacken@yopmail.com,Candi.Sacken@gmail.com,police officer,40267
40367,Kathy,Ehrman,Kathy.Ehrman@yopmail.com,Kathy.Ehrman@gmail.com,firefighter,40268
40368,Isa,Noman,Isa.Noman@yopmail.com,Isa.Noman@gmail.com,firefighter,40269
40369,Patricia,Llovera,Patricia.Llovera@yopmail.com,Patricia.Llovera@gmail.com,developer,40270
40370,Cherilyn,Pyle,Cherilyn.Pyle@yopmail.com,Cherilyn.Pyle@gmail.com,developer,40271
40371,Corene,Sasnett,Corene.Sasnett@yopmail.com,Corene.Sasnett@gmail.com,firefighter,40272
40372,Kamilah,Schwejda,Kamilah.Schwejda@yopmail.com,Kamilah.Schwejda@gmail.com,worker,40273
40373,Carlie,Garlinda,Carlie.Garlinda@yopmail.com,Carlie.Garlinda@gmail.com,police officer,40274
40374,Farrah,Barney,Farrah.Barney@yopmail.com,Farrah.Barney@gmail.com,worker,40275
40375,Nikki,Shuler,Nikki.Shuler@yopmail.com,Nikki.Shuler@gmail.com,doctor,40276
40376,Jenda,Campball,Jenda.Campball@yopmail.com,Jenda.Campball@gmail.com,firefighter,40277
40377,Petronia,Zola,Petronia.Zola@yopmail.com,Petronia.Zola@gmail.com,police officer,40278
40378,Orelia,Christal,Orelia.Christal@yopmail.com,Orelia.Christal@gmail.com,police officer,40279
40379,Neila,Ahab,Neila.Ahab@yopmail.com,Neila.Ahab@gmail.com,doctor,40280
40380,Romona,Ax,Romona.Ax@yopmail.com,Romona.Ax@gmail.com,firefighter,40281
40381,Tersina,Corabella,Tersina.Corabella@yopmail.com,Tersina.Corabella@gmail.com,worker,40282
40382,Myrtice,Yuille,Myrtice.Yuille@yopmail.com,Myrtice.Yuille@gmail.com,police officer,40283
40383,Mireielle,Evvie,Mireielle.Evvie@yopmail.com,Mireielle.Evvie@gmail.com,developer,40284
40384,Brandise,Cosenza,Brandise.Cosenza@yopmail.com,Brandise.Cosenza@gmail.com,worker,40285
40385,Letizia,Pettiford,Letizia.Pettiford@yopmail.com,Letizia.Pettiford@gmail.com,firefighter,40286
40386,Mallory,Morrill,Mallory.Morrill@yopmail.com,Mallory.Morrill@gmail.com,firefighter,40287
40387,Rivalee,Ferrell,Rivalee.Ferrell@yopmail.com,Rivalee.Ferrell@gmail.com,police officer,40288
40388,Kristina,Viddah,Kristina.Viddah@yopmail.com,Kristina.Viddah@gmail.com,doctor,40289
40389,Cherilyn,Ortrude,Cherilyn.Ortrude@yopmail.com,Cherilyn.Ortrude@gmail.com,firefighter,40290
40390,Lindie,Stanwood,Lindie.Stanwood@yopmail.com,Lindie.Stanwood@gmail.com,firefighter,40291
40391,Annora,Thar,Annora.Thar@yopmail.com,Annora.Thar@gmail.com,firefighter,40292
40392,Dolli,Anis,Dolli.Anis@yopmail.com,Dolli.Anis@gmail.com,firefighter,40293
40393,Claresta,Sandye,Claresta.Sandye@yopmail.com,Claresta.Sandye@gmail.com,worker,40294
40394,Ashlee,Soneson,Ashlee.Soneson@yopmail.com,Ashlee.Soneson@gmail.com,developer,40295
40395,Anica,Taam,Anica.Taam@yopmail.com,Anica.Taam@gmail.com,police officer,40296
40396,Dagmar,Matthew,Dagmar.Matthew@yopmail.com,Dagmar.Matthew@gmail.com,developer,40297
40397,Correy,Emanuel,Correy.Emanuel@yopmail.com,Correy.Emanuel@gmail.com,police officer,40298
40398,Karena,Tryck,Karena.Tryck@yopmail.com,Karena.Tryck@gmail.com,developer,40299
40399,Antonietta,Izaak,Antonietta.Izaak@yopmail.com,Antonietta.Izaak@gmail.com,developer,40300
40400,Elfreda,Ade,Elfreda.Ade@yopmail.com,Elfreda.Ade@gmail.com,police officer,40301
40401,Thalia,Rosemary,Thalia.Rosemary@yopmail.com,Thalia.Rosemary@gmail.com,doctor,40302
40402,Bettine,Mendez,Bettine.Mendez@yopmail.com,Bettine.Mendez@gmail.com,doctor,40303
40403,Janis,Aprile,Janis.Aprile@yopmail.com,Janis.Aprile@gmail.com,police officer,40304
40404,Clementine,Federica,Clementine.Federica@yopmail.com,Clementine.Federica@gmail.com,firefighter,40305
40405,Mignon,Winnick,Mignon.Winnick@yopmail.com,Mignon.Winnick@gmail.com,developer,40306
40406,Ileana,Strephon,Ileana.Strephon@yopmail.com,Ileana.Strephon@gmail.com,firefighter,40307
40407,Alexine,Greenwald,Alexine.Greenwald@yopmail.com,Alexine.Greenwald@gmail.com,firefighter,40308
40408,Priscilla,Whittaker,Priscilla.Whittaker@yopmail.com,Priscilla.Whittaker@gmail.com,firefighter,40309
40409,Gaylene,Gamaliel,Gaylene.Gamaliel@yopmail.com,Gaylene.Gamaliel@gmail.com,doctor,40310
40410,Aigneis,Hurley,Aigneis.Hurley@yopmail.com,Aigneis.Hurley@gmail.com,police officer,40311
40411,June,Jarib,June.Jarib@yopmail.com,June.Jarib@gmail.com,firefighter,40312
40412,Clary,Naashom,Clary.Naashom@yopmail.com,Clary.Naashom@gmail.com,worker,40313
40413,Marline,Ietta,Marline.Ietta@yopmail.com,Marline.Ietta@gmail.com,firefighter,40314
40414,Chastity,Valerio,Chastity.Valerio@yopmail.com,Chastity.Valerio@gmail.com,police officer,40315
40415,Sophia,Arne,Sophia.Arne@yopmail.com,Sophia.Arne@gmail.com,worker,40316
40416,Fanny,Ulphia,Fanny.Ulphia@yopmail.com,Fanny.Ulphia@gmail.com,doctor,40317
40417,Merle,Wooster,Merle.Wooster@yopmail.com,Merle.Wooster@gmail.com,developer,40318
40418,Glynnis,LaRue,Glynnis.LaRue@yopmail.com,Glynnis.LaRue@gmail.com,police officer,40319
40419,Ulrike,Ellord,Ulrike.Ellord@yopmail.com,Ulrike.Ellord@gmail.com,police officer,40320
40420,Meriel,Thar,Meriel.Thar@yopmail.com,Meriel.Thar@gmail.com,firefighter,40321
40421,Clo,Buffum,Clo.Buffum@yopmail.com,Clo.Buffum@gmail.com,doctor,40322
40422,Rhoda,Kylander,Rhoda.Kylander@yopmail.com,Rhoda.Kylander@gmail.com,doctor,40323
40423,Sashenka,Arathorn,Sashenka.Arathorn@yopmail.com,Sashenka.Arathorn@gmail.com,doctor,40324
40424,Aeriela,Laverne,Aeriela.Laverne@yopmail.com,Aeriela.Laverne@gmail.com,worker,40325
40425,Marcy,Delp,Marcy.Delp@yopmail.com,Marcy.Delp@gmail.com,developer,40326
40426,Shannah,Karna,Shannah.Karna@yopmail.com,Shannah.Karna@gmail.com,police officer,40327
40427,Susan,Jefferey,Susan.Jefferey@yopmail.com,Susan.Jefferey@gmail.com,police officer,40328
40428,Jackie,Alisia,Jackie.Alisia@yopmail.com,Jackie.Alisia@gmail.com,police officer,40329
40429,Ada,Phi,Ada.Phi@yopmail.com,Ada.Phi@gmail.com,doctor,40330
40430,Robinia,Hutchison,Robinia.Hutchison@yopmail.com,Robinia.Hutchison@gmail.com,police officer,40331
40431,Bobinette,Adlare,Bobinette.Adlare@yopmail.com,Bobinette.Adlare@gmail.com,worker,40332
40432,Therine,Thunell,Therine.Thunell@yopmail.com,Therine.Thunell@gmail.com,worker,40333
40433,Charissa,Stoller,Charissa.Stoller@yopmail.com,Charissa.Stoller@gmail.com,firefighter,40334
40434,Madalyn,Magnolia,Madalyn.Magnolia@yopmail.com,Madalyn.Magnolia@gmail.com,doctor,40335
40435,Susan,Heidt,Susan.Heidt@yopmail.com,Susan.Heidt@gmail.com,developer,40336
40436,Inga,Gert,Inga.Gert@yopmail.com,Inga.Gert@gmail.com,worker,40337
40437,Annice,Yerkovich,Annice.Yerkovich@yopmail.com,Annice.Yerkovich@gmail.com,firefighter,40338
40438,Elka,Carmena,Elka.Carmena@yopmail.com,Elka.Carmena@gmail.com,police officer,40339
40439,Stevana,Revkah,Stevana.Revkah@yopmail.com,Stevana.Revkah@gmail.com,firefighter,40340
40440,Wileen,Madox,Wileen.Madox@yopmail.com,Wileen.Madox@gmail.com,police officer,40341
40441,Edyth,Leary,Edyth.Leary@yopmail.com,Edyth.Leary@gmail.com,firefighter,40342
40442,Anthia,Soneson,Anthia.Soneson@yopmail.com,Anthia.Soneson@gmail.com,police officer,40343
40443,Cathie,Zeeba,Cathie.Zeeba@yopmail.com,Cathie.Zeeba@gmail.com,worker,40344
40444,Zondra,Martsen,Zondra.Martsen@yopmail.com,Zondra.Martsen@gmail.com,police officer,40345
40445,Cissiee,Kunin,Cissiee.Kunin@yopmail.com,Cissiee.Kunin@gmail.com,worker,40346
40446,Nita,Lea,Nita.Lea@yopmail.com,Nita.Lea@gmail.com,worker,40347
40447,Maye,Janith,Maye.Janith@yopmail.com,Maye.Janith@gmail.com,doctor,40348
40448,Lacie,Means,Lacie.Means@yopmail.com,Lacie.Means@gmail.com,doctor,40349
40449,Dawn,Carri,Dawn.Carri@yopmail.com,Dawn.Carri@gmail.com,doctor,40350
40450,Arlena,Vary,Arlena.Vary@yopmail.com,Arlena.Vary@gmail.com,firefighter,40351
40451,Melina,Goerke,Melina.Goerke@yopmail.com,Melina.Goerke@gmail.com,police officer,40352
40452,Shaine,Monaco,Shaine.Monaco@yopmail.com,Shaine.Monaco@gmail.com,developer,40353
40453,Kathy,Thomasina,Kathy.Thomasina@yopmail.com,Kathy.Thomasina@gmail.com,police officer,40354
40454,Sharlene,O'Carroll,Sharlene.O'Carroll@yopmail.com,Sharlene.O'Carroll@gmail.com,developer,40355
40455,Daryl,Kristi,Daryl.Kristi@yopmail.com,Daryl.Kristi@gmail.com,police officer,40356
40456,Chandra,Howlyn,Chandra.Howlyn@yopmail.com,Chandra.Howlyn@gmail.com,police officer,40357
40457,Amalie,Berl,Amalie.Berl@yopmail.com,Amalie.Berl@gmail.com,doctor,40358
40458,Janey,O'Neill,Janey.O'Neill@yopmail.com,Janey.O'Neill@gmail.com,worker,40359
40459,Fina,Himelman,Fina.Himelman@yopmail.com,Fina.Himelman@gmail.com,developer,40360
40460,Ulrike,Zrike,Ulrike.Zrike@yopmail.com,Ulrike.Zrike@gmail.com,firefighter,40361
40461,Mureil,Karylin,Mureil.Karylin@yopmail.com,Mureil.Karylin@gmail.com,firefighter,40362
40462,Jordan,Marijo,Jordan.Marijo@yopmail.com,Jordan.Marijo@gmail.com,worker,40363
40463,Quintina,Konyn,Quintina.Konyn@yopmail.com,Quintina.Konyn@gmail.com,doctor,40364
40464,Millie,Strephon,Millie.Strephon@yopmail.com,Millie.Strephon@gmail.com,doctor,40365
40465,Priscilla,Helfand,Priscilla.Helfand@yopmail.com,Priscilla.Helfand@gmail.com,developer,40366
40466,Jenilee,Elo,Jenilee.Elo@yopmail.com,Jenilee.Elo@gmail.com,doctor,40367
40467,Lanae,Odysseus,Lanae.Odysseus@yopmail.com,Lanae.Odysseus@gmail.com,worker,40368
40468,Elka,Jammal,Elka.Jammal@yopmail.com,Elka.Jammal@gmail.com,developer,40369
40469,Lesly,Percy,Lesly.Percy@yopmail.com,Lesly.Percy@gmail.com,police officer,40370
40470,Karlee,Briney,Karlee.Briney@yopmail.com,Karlee.Briney@gmail.com,doctor,40371
40471,Ayn,Federica,Ayn.Federica@yopmail.com,Ayn.Federica@gmail.com,doctor,40372
40472,Hallie,Peonir,Hallie.Peonir@yopmail.com,Hallie.Peonir@gmail.com,doctor,40373
40473,Sadie,Honoria,Sadie.Honoria@yopmail.com,Sadie.Honoria@gmail.com,doctor,40374
40474,Elvira,Olympium,Elvira.Olympium@yopmail.com,Elvira.Olympium@gmail.com,worker,40375
40475,Marcelline,Holtz,Marcelline.Holtz@yopmail.com,Marcelline.Holtz@gmail.com,doctor,40376
40476,Katleen,Hachmin,Katleen.Hachmin@yopmail.com,Katleen.Hachmin@gmail.com,doctor,40377
40477,Jenilee,Toffic,Jenilee.Toffic@yopmail.com,Jenilee.Toffic@gmail.com,police officer,40378
40478,Ottilie,Swanhildas,Ottilie.Swanhildas@yopmail.com,Ottilie.Swanhildas@gmail.com,police officer,40379
40479,Elmira,Lutero,Elmira.Lutero@yopmail.com,Elmira.Lutero@gmail.com,police officer,40380
40480,Basia,Suanne,Basia.Suanne@yopmail.com,Basia.Suanne@gmail.com,developer,40381
40481,Jessamyn,Alexandr,Jessamyn.Alexandr@yopmail.com,Jessamyn.Alexandr@gmail.com,firefighter,40382
40482,Robinia,Craggie,Robinia.Craggie@yopmail.com,Robinia.Craggie@gmail.com,firefighter,40383
40483,Roz,Gladstone,Roz.Gladstone@yopmail.com,Roz.Gladstone@gmail.com,police officer,40384
40484,Aurore,Fennessy,Aurore.Fennessy@yopmail.com,Aurore.Fennessy@gmail.com,developer,40385
40485,Lisette,Capello,Lisette.Capello@yopmail.com,Lisette.Capello@gmail.com,firefighter,40386
40486,Madalyn,Mintz,Madalyn.Mintz@yopmail.com,Madalyn.Mintz@gmail.com,doctor,40387
40487,Susan,Zrike,Susan.Zrike@yopmail.com,Susan.Zrike@gmail.com,police officer,40388
40488,Jerry,Tamsky,Jerry.Tamsky@yopmail.com,Jerry.Tamsky@gmail.com,firefighter,40389
40489,Rebeca,Hillel,Rebeca.Hillel@yopmail.com,Rebeca.Hillel@gmail.com,developer,40390
40490,Tamqrah,Urias,Tamqrah.Urias@yopmail.com,Tamqrah.Urias@gmail.com,developer,40391
40491,Marjie,Kaete,Marjie.Kaete@yopmail.com,Marjie.Kaete@gmail.com,worker,40392
40492,Lenna,Paton,Lenna.Paton@yopmail.com,Lenna.Paton@gmail.com,police officer,40393
40493,Dulce,Chick,Dulce.Chick@yopmail.com,Dulce.Chick@gmail.com,police officer,40394
40494,Diena,Kussell,Diena.Kussell@yopmail.com,Diena.Kussell@gmail.com,doctor,40395
40495,Ivett,Strephon,Ivett.Strephon@yopmail.com,Ivett.Strephon@gmail.com,doctor,40396
40496,Fanny,Hanshaw,Fanny.Hanshaw@yopmail.com,Fanny.Hanshaw@gmail.com,police officer,40397
40497,Olivette,Parette,Olivette.Parette@yopmail.com,Olivette.Parette@gmail.com,police officer,40398
40498,Elsie,Obed,Elsie.Obed@yopmail.com,Elsie.Obed@gmail.com,police officer,40399
40499,Tonia,Aldric,Tonia.Aldric@yopmail.com,Tonia.Aldric@gmail.com,developer,40400
40500,Kristina,Lattie,Kristina.Lattie@yopmail.com,Kristina.Lattie@gmail.com,doctor,40401
40501,Chrystel,Chaing,Chrystel.Chaing@yopmail.com,Chrystel.Chaing@gmail.com,police officer,40402
40502,Jenilee,Bonucci,Jenilee.Bonucci@yopmail.com,Jenilee.Bonucci@gmail.com,developer,40403
40503,Mathilda,Lymann,Mathilda.Lymann@yopmail.com,Mathilda.Lymann@gmail.com,police officer,40404
40504,Sissy,Peg,Sissy.Peg@yopmail.com,Sissy.Peg@gmail.com,doctor,40405
40505,Jenda,Oscar,Jenda.Oscar@yopmail.com,Jenda.Oscar@gmail.com,developer,40406
40506,Doralynne,Boycey,Doralynne.Boycey@yopmail.com,Doralynne.Boycey@gmail.com,worker,40407
40507,Constance,Tamar,Constance.Tamar@yopmail.com,Constance.Tamar@gmail.com,doctor,40408
40508,Dede,Boehike,Dede.Boehike@yopmail.com,Dede.Boehike@gmail.com,worker,40409
40509,Meghann,Lucienne,Meghann.Lucienne@yopmail.com,Meghann.Lucienne@gmail.com,worker,40410
40510,Nannie,Sholley,Nannie.Sholley@yopmail.com,Nannie.Sholley@gmail.com,doctor,40411
40511,Britte,Barney,Britte.Barney@yopmail.com,Britte.Barney@gmail.com,police officer,40412
40512,Caritta,Vorster,Caritta.Vorster@yopmail.com,Caritta.Vorster@gmail.com,firefighter,40413
40513,Susette,Kiyoshi,Susette.Kiyoshi@yopmail.com,Susette.Kiyoshi@gmail.com,doctor,40414
40514,Janeczka,Saree,Janeczka.Saree@yopmail.com,Janeczka.Saree@gmail.com,doctor,40415
40515,Carolina,Gavrila,Carolina.Gavrila@yopmail.com,Carolina.Gavrila@gmail.com,developer,40416
40516,Meriel,Lipson,Meriel.Lipson@yopmail.com,Meriel.Lipson@gmail.com,developer,40417
40517,Correy,Dorcy,Correy.Dorcy@yopmail.com,Correy.Dorcy@gmail.com,developer,40418
40518,Melina,Ummersen,Melina.Ummersen@yopmail.com,Melina.Ummersen@gmail.com,worker,40419
40519,Sidoney,Fleeta,Sidoney.Fleeta@yopmail.com,Sidoney.Fleeta@gmail.com,developer,40420
40520,Ellette,Nunci,Ellette.Nunci@yopmail.com,Ellette.Nunci@gmail.com,doctor,40421
40521,Roseline,Merna,Roseline.Merna@yopmail.com,Roseline.Merna@gmail.com,police officer,40422
40522,Tressa,Ammann,Tressa.Ammann@yopmail.com,Tressa.Ammann@gmail.com,firefighter,40423
40523,Genevra,Grobe,Genevra.Grobe@yopmail.com,Genevra.Grobe@gmail.com,doctor,40424
40524,Ruthe,Leler,Ruthe.Leler@yopmail.com,Ruthe.Leler@gmail.com,doctor,40425
40525,Allis,Melan,Allis.Melan@yopmail.com,Allis.Melan@gmail.com,firefighter,40426
40526,Frank,Felecia,Frank.Felecia@yopmail.com,Frank.Felecia@gmail.com,worker,40427
40527,Harmonia,Ramona,Harmonia.Ramona@yopmail.com,Harmonia.Ramona@gmail.com,developer,40428
40528,Allyce,Schlosser,Allyce.Schlosser@yopmail.com,Allyce.Schlosser@gmail.com,doctor,40429
40529,Alisha,Guildroy,Alisha.Guildroy@yopmail.com,Alisha.Guildroy@gmail.com,firefighter,40430
40530,Carlie,Stevy,Carlie.Stevy@yopmail.com,Carlie.Stevy@gmail.com,firefighter,40431
40531,Beatriz,Poll,Beatriz.Poll@yopmail.com,Beatriz.Poll@gmail.com,doctor,40432
40532,Shaylyn,Erskine,Shaylyn.Erskine@yopmail.com,Shaylyn.Erskine@gmail.com,police officer,40433
40533,Gusella,Brunell,Gusella.Brunell@yopmail.com,Gusella.Brunell@gmail.com,developer,40434
40534,Tybie,Haymes,Tybie.Haymes@yopmail.com,Tybie.Haymes@gmail.com,firefighter,40435
40535,Misha,Aprile,Misha.Aprile@yopmail.com,Misha.Aprile@gmail.com,police officer,40436
40536,Livvyy,Brittani,Livvyy.Brittani@yopmail.com,Livvyy.Brittani@gmail.com,firefighter,40437
40537,Kristan,Carri,Kristan.Carri@yopmail.com,Kristan.Carri@gmail.com,police officer,40438
40538,Carolina,Harday,Carolina.Harday@yopmail.com,Carolina.Harday@gmail.com,developer,40439
40539,Amara,Dichy,Amara.Dichy@yopmail.com,Amara.Dichy@gmail.com,doctor,40440
40540,Jaclyn,Genna,Jaclyn.Genna@yopmail.com,Jaclyn.Genna@gmail.com,police officer,40441
40541,Sophia,Leffen,Sophia.Leffen@yopmail.com,Sophia.Leffen@gmail.com,worker,40442
40542,Charlena,Rooney,Charlena.Rooney@yopmail.com,Charlena.Rooney@gmail.com,firefighter,40443
40543,Kellen,Nahum,Kellen.Nahum@yopmail.com,Kellen.Nahum@gmail.com,firefighter,40444
40544,Giustina,Hutchison,Giustina.Hutchison@yopmail.com,Giustina.Hutchison@gmail.com,worker,40445
40545,Gratia,Susannah,Gratia.Susannah@yopmail.com,Gratia.Susannah@gmail.com,developer,40446
40546,Dyann,Brady,Dyann.Brady@yopmail.com,Dyann.Brady@gmail.com,doctor,40447
40547,Doro,Sherfield,Doro.Sherfield@yopmail.com,Doro.Sherfield@gmail.com,firefighter,40448
40548,Marinna,Eben,Marinna.Eben@yopmail.com,Marinna.Eben@gmail.com,developer,40449
40549,Catharine,Stuart,Catharine.Stuart@yopmail.com,Catharine.Stuart@gmail.com,developer,40450
40550,Maisey,Stelle,Maisey.Stelle@yopmail.com,Maisey.Stelle@gmail.com,worker,40451
40551,Louella,Jary,Louella.Jary@yopmail.com,Louella.Jary@gmail.com,firefighter,40452
40552,Rochette,Franza,Rochette.Franza@yopmail.com,Rochette.Franza@gmail.com,firefighter,40453
40553,Cacilie,Hubert,Cacilie.Hubert@yopmail.com,Cacilie.Hubert@gmail.com,worker,40454
40554,Ashlee,Dorine,Ashlee.Dorine@yopmail.com,Ashlee.Dorine@gmail.com,developer,40455
40555,Oona,Alisia,Oona.Alisia@yopmail.com,Oona.Alisia@gmail.com,firefighter,40456
40556,Brandise,Nea,Brandise.Nea@yopmail.com,Brandise.Nea@gmail.com,police officer,40457
40557,Krystle,Sikorski,Krystle.Sikorski@yopmail.com,Krystle.Sikorski@gmail.com,doctor,40458
40558,Adore,Lia,Adore.Lia@yopmail.com,Adore.Lia@gmail.com,firefighter,40459
40559,Clarice,O'Neill,Clarice.O'Neill@yopmail.com,Clarice.O'Neill@gmail.com,doctor,40460
40560,Raf,Oriana,Raf.Oriana@yopmail.com,Raf.Oriana@gmail.com,doctor,40461
40561,Sue,Phi,Sue.Phi@yopmail.com,Sue.Phi@gmail.com,doctor,40462
40562,Gilda,Skell,Gilda.Skell@yopmail.com,Gilda.Skell@gmail.com,developer,40463
40563,Consuela,O'Rourke,Consuela.O'Rourke@yopmail.com,Consuela.O'Rourke@gmail.com,worker,40464
40564,Claresta,Erskine,Claresta.Erskine@yopmail.com,Claresta.Erskine@gmail.com,worker,40465
40565,Esmeralda,Marcellus,Esmeralda.Marcellus@yopmail.com,Esmeralda.Marcellus@gmail.com,developer,40466
40566,Cassondra,Sisile,Cassondra.Sisile@yopmail.com,Cassondra.Sisile@gmail.com,doctor,40467
40567,Violet,Damarra,Violet.Damarra@yopmail.com,Violet.Damarra@gmail.com,developer,40468
40568,Alyssa,Noelyn,Alyssa.Noelyn@yopmail.com,Alyssa.Noelyn@gmail.com,police officer,40469
40569,Susan,Horan,Susan.Horan@yopmail.com,Susan.Horan@gmail.com,worker,40470
40570,Emylee,Modie,Emylee.Modie@yopmail.com,Emylee.Modie@gmail.com,developer,40471
40571,Layla,Olympium,Layla.Olympium@yopmail.com,Layla.Olympium@gmail.com,doctor,40472
40572,Genovera,Wildermuth,Genovera.Wildermuth@yopmail.com,Genovera.Wildermuth@gmail.com,worker,40473
40573,Lolita,MacIntosh,Lolita.MacIntosh@yopmail.com,Lolita.MacIntosh@gmail.com,police officer,40474
40574,Aeriela,Mich,Aeriela.Mich@yopmail.com,Aeriela.Mich@gmail.com,doctor,40475
40575,Lynea,Jefferey,Lynea.Jefferey@yopmail.com,Lynea.Jefferey@gmail.com,doctor,40476
40576,Taffy,Shirberg,Taffy.Shirberg@yopmail.com,Taffy.Shirberg@gmail.com,developer,40477
40577,Camile,Carolin,Camile.Carolin@yopmail.com,Camile.Carolin@gmail.com,worker,40478
40578,Correy,Peonir,Correy.Peonir@yopmail.com,Correy.Peonir@gmail.com,firefighter,40479
40579,Patricia,Buffum,Patricia.Buffum@yopmail.com,Patricia.Buffum@gmail.com,doctor,40480
40580,Coral,Kirbee,Coral.Kirbee@yopmail.com,Coral.Kirbee@gmail.com,developer,40481
40581,Devina,Kylander,Devina.Kylander@yopmail.com,Devina.Kylander@gmail.com,police officer,40482
40582,Dennie,Saree,Dennie.Saree@yopmail.com,Dennie.Saree@gmail.com,firefighter,40483
40583,Orsola,Corilla,Orsola.Corilla@yopmail.com,Orsola.Corilla@gmail.com,developer,40484
40584,Tabbatha,Iphlgenia,Tabbatha.Iphlgenia@yopmail.com,Tabbatha.Iphlgenia@gmail.com,worker,40485
40585,Maridel,Adrienne,Maridel.Adrienne@yopmail.com,Maridel.Adrienne@gmail.com,doctor,40486
40586,Elie,Jacobah,Elie.Jacobah@yopmail.com,Elie.Jacobah@gmail.com,police officer,40487
40587,Cam,Melony,Cam.Melony@yopmail.com,Cam.Melony@gmail.com,firefighter,40488
40588,Brandise,Alabaster,Brandise.Alabaster@yopmail.com,Brandise.Alabaster@gmail.com,worker,40489
40589,Maridel,Abbot,Maridel.Abbot@yopmail.com,Maridel.Abbot@gmail.com,police officer,40490
40590,Brooks,Modie,Brooks.Modie@yopmail.com,Brooks.Modie@gmail.com,developer,40491
40591,Yolane,Bohlin,Yolane.Bohlin@yopmail.com,Yolane.Bohlin@gmail.com,police officer,40492
40592,Gloria,Chabot,Gloria.Chabot@yopmail.com,Gloria.Chabot@gmail.com,developer,40493
40593,Mireielle,Felizio,Mireielle.Felizio@yopmail.com,Mireielle.Felizio@gmail.com,doctor,40494
40594,Mamie,Noman,Mamie.Noman@yopmail.com,Mamie.Noman@gmail.com,police officer,40495
40595,Queenie,Evvie,Queenie.Evvie@yopmail.com,Queenie.Evvie@gmail.com,firefighter,40496
40596,Elmira,Juliet,Elmira.Juliet@yopmail.com,Elmira.Juliet@gmail.com,developer,40497
40597,Ekaterina,Harl,Ekaterina.Harl@yopmail.com,Ekaterina.Harl@gmail.com,doctor,40498
40598,Alisha,Delp,Alisha.Delp@yopmail.com,Alisha.Delp@gmail.com,worker,40499
40599,Desirae,Gordon,Desirae.Gordon@yopmail.com,Desirae.Gordon@gmail.com,worker,40500
